mem	chi panic	REFERENCE.md	hit
mem	connection refused	REFERENCE.md	hit
mem	fsmonitor status	PI.md	hit
mem	ulid hex	REFERENCE.md	hit
mem	htmx trigger	REFERENCE.md	hit
mem	knip	REFERENCE.md	hit
mem	rowsaffected	REFERENCE.md	hit
mem	mage ddl	REFERENCE.md	hit
mem	pageflip	REFERENCE.md	hit
mem	gremlins timeout	REFERENCE.md	hit
mem	apidog wholesale	REFERENCE.md	hit
mem	vendor mage targets	REFERENCE.md	hit
mem	txdb lease	REFERENCE.md	hit
mem	btrfs corruption	REFERENCE.md	hit
mem	path clobber	REFERENCE.md	hit
mem	desktop stutter	REFERENCE.md	hit
mem	apidog project ids	REFERENCE.md	hit
mem	webauthn backup flags	REFERENCE.md	hit
specs	notes timeline	specs/runbooks/notes-timeline/README.md	hit
specs	checkout branding	specs/runbooks/checkout-branding/README.md	hit
specs	danger ack	specs/runbooks/danger-ack/README.md	hit
specs	markdown parser	specs/runbooks/markdown-parser/README.md	hit
specs	commercial model	specs/runbooks/commercial-model/README.md	hit
specs	hosted multi tenancy	specs/runbooks/hosted-multi-tenancy/README.md	hit
mem	middleware crash on boot	REFERENCE.md	gap
mem	nvidia driver crash	REFERENCE.md	gap
mem	authentication token expiry	REFERENCE.md	gap
specs	markdown rendering library	specs/runbooks/markdown-parser/README.md	gap
specs	tenant isolation	specs/runbooks/hosted-multi-tenancy/README.md	hit
